id,content,gender,start,age
f17156,content,f,17-04-1983,37
f17725,content,f,21-04-1992,27
f17819,content,f,12-07-1993,26
f17113,None,None,None,0
f172131,content,f,01-01-1988,32
f171531,content,f,17-04-1991,29
f27351,content,f,04-08-1998,21
m27056,content,m,19-09-2000,19
m2753,None,None,None,0
m272122,content,m,19-09-2000,19
m273049,None,None,None,0
m274145,content,m,05-12-1999,20
m27149,None,None,None,0
f27750,None,None,None,0
f271453,None,None,None,0
f27168,content,f,02-05-2000,20
m272111,content,m,26-08-1999,20
o274428,None,None,None,0
m27251,None,None,None,0
m27524,None,None,None,0
m27641,None,None,None,0
m271130,None,None,None,0
f271155,None,None,None,0
m274331,None,None,None,0
m274442,content,m,27-11-1999,20
m275423,None,None,None,0
m275945,None,None,None,0
f27615,None,None,None,0
m27823,None,None,None,0
m271717,None,None,None,0
m272115,None,None,None,0
m272940,None,None,None,0
m274636,None,None,None,0
f274838,None,None,None,0
m27152,None,None,None,0
m27755,None,None,None,0
m27950,None,None,None,0
f271650,None,None,None,0
f271650,None,None,None,0
m27246,None,None,None,0
f272737,None,None,None,0
f272814,None,None,None,0
f272841,None,None,None,0
f273529,None,None,None,0
f274047,None,None,None,0
m274616,None,None,None,0
m273228,content,m,27-04-2000,20
f27577,content,f,04-07-1996,23
f275835,None,None,None,0
m27100,content,m,01-01-1998,22
m272917,None,None,None,0
f273655,None,None,None,0
f273847,None,None,None,0
f274634,None,None,None,0
f275310,None,None,None,0
m272443,content,m,15-05-2000,19
f27845,None,None,None,0
m27549,None,None,None,0
m27420,content,m,02-03-1998,22
f27528,None,None,None,0
f273857,None,None,None,0
m274512,None,None,None,0
m27541,None,None,None,0
m27726,content,m,04-02-2000,20
f273129,None,None,None,0
m27142,None,None,None,0
f275616,None,None,None,0
m27567,None,None,None,0
f28400,None,None,None,0
m283446,None,None,None,0
f281945,None,None,None,0
m294822,None,None,None,0
m291726,content,m,29-04-1984,36
f305635,None,None,None,0
f3046,None,None,None,0
m14715,content,m,03-08-1991,28
m439,None,None,None,0
m42357,content,m,18-10-1998,21
m42610,content,m,12-10-1992,27
f44034,None,None,None,0
f44141,content,f,01-01-1996,24
f41846,None,None,None,0
m45753,content,m,12-01-1994,26
f41823,None,None,None,0
f44922,content,f,03-10-2000,19
m43634,None,None,None,0
f42641,content,m,03-02-1991,29
f45217,content,f,02-11-1992,27
m51938,None,None,None,0
f51848,content,f,19-09-1999,20
m52016,content,m,08-05-1987,32
m5848,None,None,None,None
m61522,content,m,06-05-1989,31
f64915,None,None,None,None
f6571,None,None,None,None
m63823,content,m,19-12-1996,23
m65441,None,None,None,None
f6561,None,None,None,None
f65656,None,None,None,None
m6233,None,None,None,None
f62344,None,None,None,None
f62415,content,f,04-07-1996,23
m62422,None,None,None,None
m52016,None,None,None,None
m71127,content,m,10-03-1989,31
o71649,None,None,None,None
m722,None,None,None,None
m75110,None,None,None,None
f8273,content,f,01-05-1988,32
f82252,content,f,19-12-1996,23
f8323,None,None,None,None
f84044,None,None,None,None
f81815,content,f,19-08-1988,31
f85828,None,None,None,None
m8350,None,None,None,None
m83615,None,None,None,None
m83739,None,None,None,None
m91657,None,None,None,None
m101833,content,m,04-04-1990,30
m102115,content,f,21-10-1995,24
f112641,None,None,None,None
f11183,None,None,None,None
m113518,None,None,None,None
f114153,None,None,None,None
f114522,content,f,05-04-1989,31
f112943,content,f,21-09-1989,30
m114247,content,m,01-11-1995,24
f125238,content,f,01-06-1992,27
m25370,content,m,15-11-1995,25
m25371,content,m,18-04-1988,32
f25372,content,f,12-04-1970,50
f25373,content,f,19-05-1981,39
m25374,content,m,25-05-1987,33
f25375,content,f,19-08-1972,48
m25376,content,m,25-01-1985,35
m25377,content,m,26-03-1998,22
m25378,content,m,23-09-1994,26
f25379,content,f,11-04-1982,38
f253710,content,f,10-06-1983,37
f253711,content,f,19-09-1988,32
f253712,content,f,27-11-1974,46
m253713,content,m,26-02-1970,50
m253714,content,m,13-03-1970,50
m253715,content,m,17-04-1977,43
m253716,content,m,20-07-1996,24
m253717,content,m,11-07-1994,26
f253718,content,f,18-04-1991,29
f253719,content,f,14-01-1989,31
m253720,content,m,17-08-1977,43
m253721,content,m,15-09-1981,39
m253722,content,m,23-02-1970,50
m253723,content,m,18-02-1979,41
f253724,content,f,11-06-1973,47
m253725,content,m,14-01-1998,22
m253726,content,m,16-10-1993,27
m253727,content,m,16-07-1975,45
f253728,content,f,20-02-1982,38
m253729,content,m,13-04-1998,22
f253730,content,f,20-09-1979,41
m253731,content,m,14-10-1983,37
f253732,content,f,24-10-1971,49
f253733,content,f,21-01-1987,33
f253734,content,f,12-08-1975,45
f253735,content,f,23-01-1987,33
f253736,content,f,24-09-1982,38
m253737,content,m,24-11-1998,22
m253738,content,m,13-04-1997,23
f253739,content,f,23-02-1982,38
f253740,content,f,11-01-1990,30
f253741,content,f,15-04-1972,48
f253742,content,f,21-06-1980,40
f253743,content,f,10-05-1988,32
m253744,content,m,27-02-1986,34
f253745,content,f,11-10-1996,24
m253746,content,m,26-05-1992,28
m253747,content,m,27-09-1998,22
f253748,content,f,20-01-1974,46
f253749,content,f,27-04-1970,50
f253750,content,f,12-07-1974,46
f253751,content,f,11-03-1997,23
m253752,content,m,27-07-1992,28
f253753,content,f,22-05-1997,23
m253754,content,m,17-09-1981,39
f253755,content,f,15-08-1998,22
f253756,content,f,21-06-1988,32
f253757,content,f,24-08-1990,30
m253758,content,m,19-07-1972,48
m253759,content,m,26-02-1971,49
f253760,content,f,12-05-1994,26
m253761,content,m,26-07-1977,43
m253762,content,m,25-06-1980,40
f253763,content,f,27-02-1990,30
f253764,content,f,13-04-1980,40
f253765,content,f,14-11-1986,34
m253766,content,m,11-11-1975,45
f253767,content,f,18-03-1970,50
m253768,content,m,15-01-1975,45
m253769,content,m,26-04-1975,45
f253770,content,f,18-03-1973,47
f253771,content,f,10-10-1986,34
f253772,content,f,26-07-1970,50
f253773,content,f,10-06-1987,33
f253774,content,f,19-04-1988,32
m253775,content,m,25-10-1981,39
f253776,content,f,26-08-1995,25
m253777,content,m,20-06-1974,46
m253778,content,m,13-03-1998,22
m253779,content,m,23-09-1970,50
m253780,content,m,26-02-1994,26
m253781,content,m,20-02-1982,38
f253782,content,f,18-03-1997,23
f253783,content,f,21-06-1998,22
m253784,content,m,11-04-1990,30
f253785,content,f,14-08-1979,41
f253786,content,f,12-02-1989,31
f253787,content,f,13-09-1986,34
f253788,content,f,21-07-1988,32
f253789,content,f,26-11-1974,46
m253790,content,m,15-04-1984,36
m253791,content,m,16-01-1982,38
m253792,content,m,13-09-1972,48
m253793,content,m,25-06-1983,37
m253794,content,m,10-08-1977,43
m253795,content,m,19-08-1974,46
f253796,content,f,11-07-1970,50
m253797,content,m,10-01-1990,30
f253798,content,f,11-03-1988,32
m253799,content,m,22-11-1980,40
f2537100,content,f,24-08-1986,34
f2537101,content,f,18-05-1995,25
m2537102,content,m,18-09-1978,42
f2537103,content,f,26-09-1985,35
f2537104,content,f,17-01-1980,40
f2537105,content,f,18-06-1997,23
f2537106,content,f,23-05-1985,35
m2537107,content,m,18-06-1981,39
f2537108,content,f,14-02-1975,45
m2537109,content,m,22-02-1987,33
f2537110,content,f,15-01-1978,42
m2537111,content,m,15-02-1988,32
f2537112,content,f,20-06-1987,33
m2537113,content,m,21-06-1982,38
f2537114,content,f,26-02-1990,30
f2537115,content,f,19-07-1979,41
f2537116,content,f,12-06-1995,25
m2537117,content,m,17-03-1974,46
f2537118,content,f,22-07-1977,43
m2537119,content,m,20-08-1971,49
m2537120,content,m,12-10-1991,29
f26350,content,f,16-07-1975,45
m26351,content,m,11-09-1990,30
f26352,content,f,11-03-1973,47
f26353,content,f,26-01-1970,50
m26354,content,m,24-11-1994,26
m26355,content,m,18-02-1970,50
f26356,content,f,19-09-1998,22
f26357,content,f,14-09-1974,46
m26358,content,m,26-04-1992,28
m26359,content,m,26-01-1970,50
m263510,content,m,10-11-1983,37
f263511,content,f,27-04-1989,31
f263512,content,f,13-11-1975,45
m263513,content,m,11-05-1986,34
f263514,content,f,10-10-1989,31
m263515,content,m,20-04-1988,32
f263516,content,f,12-07-1982,38
m263517,content,m,17-06-1996,24
f263518,content,f,10-06-1993,27
m263519,content,m,22-11-1994,26
f263520,content,f,18-01-1970,50
m263521,content,m,22-05-1990,30
f263522,content,f,12-05-1986,34
f263523,content,f,23-08-1984,36
f263524,content,f,24-06-1985,35
m263525,content,m,24-02-1998,22
m263526,content,m,27-03-1977,43
m263527,content,m,24-09-1977,43
f263528,content,f,18-04-1975,45
f263529,content,f,20-02-1984,36
f263530,content,f,13-10-1976,44
f263531,content,f,21-10-1976,44
m263532,content,m,24-08-1993,27
f263533,content,f,18-11-1985,35
m263534,content,m,21-01-1987,33
m263535,content,m,15-11-1971,49
m263536,content,m,18-01-1975,45
f263537,content,f,23-04-1993,27
m263538,content,m,16-06-1975,45
f263539,content,f,15-07-1995,25
m263540,content,m,23-08-1978,42
m263541,content,m,22-07-1972,48
m263542,content,m,22-10-1993,27
f263543,content,f,13-05-1997,23
m263544,content,m,27-01-1996,24
m263545,content,m,22-01-1998,22
m263546,content,m,25-02-1989,31
f263547,content,f,21-09-1996,24
f263548,content,f,14-01-1970,50
f263549,content,f,12-10-1987,33
m263550,content,m,27-04-1994,26
m263551,content,m,23-02-1972,48
m263552,content,m,24-04-1990,30
m263553,content,m,20-06-1975,45
m263554,content,m,18-02-1985,35
f263555,content,f,25-06-1996,24
f263556,content,f,24-07-1986,34
m263557,content,m,24-03-1975,45
m263558,content,m,24-11-1979,41
f263559,content,f,26-01-1970,50
m263560,content,m,18-05-1983,37
f263561,content,f,24-02-1973,47
f263562,content,f,18-08-1976,44
f263563,content,f,22-03-1993,27
f263564,content,f,14-08-1991,29
f263565,content,f,11-02-1988,32
f263566,content,f,11-11-1996,24
f263567,content,f,15-09-1985,35
f263568,content,f,14-10-1983,37
m263569,content,m,12-02-1978,42
f263570,content,f,11-06-1993,27
m263571,content,m,24-10-1994,26
f263572,content,f,26-03-1987,33
m263573,content,m,16-09-1970,50
m263574,content,m,15-10-1980,40
m263575,content,m,21-07-1996,24
m263576,content,m,14-09-1982,38
m263577,content,m,15-02-1986,34
m263578,content,m,17-10-1989,31
f263579,content,f,18-10-1998,22
f263580,content,f,11-08-1983,37
f263581,content,f,10-04-1990,30
m263582,content,m,17-10-1993,27
f263583,content,f,17-06-1973,47
f263584,content,f,26-04-1997,23
f263585,content,f,27-03-1986,34
f263586,content,f,10-08-1973,47
f263587,content,f,16-03-1981,39
f263588,content,f,21-04-1978,42
f263589,content,f,23-04-1979,41
m263590,content,m,14-08-1985,35
f263591,content,f,23-01-1980,40
f263592,content,f,21-07-1986,34
f263593,content,f,27-02-1978,42
m263594,content,m,11-02-1979,41
m263595,content,m,16-07-1979,41
f263596,content,f,17-10-1997,23
f263597,content,f,10-03-1986,34
f263598,content,f,23-03-1975,45
m263599,content,m,16-05-1977,43
m2635100,content,m,26-08-1981,39
f2635101,content,f,16-03-1983,37
m2635102,content,m,20-03-1981,39
f2635103,content,f,13-03-1979,41
m2635104,content,m,26-10-1995,25
m2635105,content,m,12-08-1981,39
m2635106,content,m,10-06-1979,41
m2635107,content,m,25-04-1991,29
m2635108,content,m,19-08-1982,38
m2635109,content,m,21-11-1975,45
m2635110,content,m,23-09-1972,48
m2635111,content,m,23-02-1996,24
m2635112,content,m,15-02-1972,48
m2635113,content,m,12-01-1979,41
f2635114,content,f,26-05-1995,25
m2635115,content,m,20-02-1970,50
f2635116,content,f,12-09-1972,48
f2635117,content,f,19-02-1979,41
f2635118,content,f,24-04-1971,49
m2635119,content,m,15-02-1984,36
m2635120,content,m,15-09-1973,47
m2635121,content,m,24-09-1996,24
m2635122,content,m,17-04-1970,50
f2635123,content,f,15-04-1977,43
m2635124,content,m,16-05-1985,35
m2635125,content,m,24-07-1981,39
m2635126,content,m,17-09-1986,34
f2635127,content,f,16-11-1977,43
m2635128,content,m,25-09-1980,40
f2635129,content,f,10-09-1987,33
m2635130,content,m,10-02-1992,28
f2635131,content,f,10-02-1982,38
f2635132,content,f,11-02-1987,33
m2635133,content,m,14-01-1992,28
f2635134,content,f,18-05-1982,38
m2635135,content,m,21-09-1997,23
f2635136,content,f,10-11-1993,27
f2635137,content,f,19-11-1979,41
m2635138,content,m,21-07-1982,38
f2635139,content,f,11-09-1977,43
m2635140,content,m,27-01-1984,36
f2635141,content,f,20-07-1991,29
f2635142,content,f,17-03-1987,33
m2635143,content,m,16-03-1979,41
f2635144,content,f,23-07-1974,46
m2635145,content,m,17-03-1990,30
m2635146,content,m,25-04-1978,42
f2635147,content,f,27-08-1987,33
f2635148,content,f,11-05-1984,36
m2635149,content,m,26-04-1987,33
m2635150,content,m,27-03-1972,48
m2635151,content,m,27-08-1998,22
f2635152,content,f,22-07-1995,25
f2635153,content,f,21-01-1998,22
f2635154,content,f,26-08-1975,45
m2635155,content,m,17-05-1972,48
f2635156,content,f,26-11-1979,41
f2635157,content,f,12-04-1970,50
f2635158,content,f,18-07-1986,34
m2635159,content,m,10-09-1989,31
f121911,content,f,05-06-1992,27
m122110,content,m,12-05-1990,30
f123939,None,None,None,None
f30340,content,f,21-10-1982,38
f30341,content,f,16-07-1982,38
m30342,content,m,26-06-1983,37
m30343,content,m,10-01-1977,43
m30344,content,m,20-04-1994,26
m30345,content,m,16-04-1995,25
f30346,content,f,22-09-1981,39
m30347,content,m,10-02-1994,26
m30348,content,m,20-03-1976,44
m30349,content,m,27-05-1993,27
f303410,content,f,17-04-1983,37
f303411,content,f,24-03-1989,31
m303412,content,m,22-10-1974,46
m303413,content,m,15-07-1982,38
m303414,content,m,26-08-1991,29
f303415,content,f,23-04-1996,24
f303416,content,f,10-03-1990,30
f303417,content,f,15-10-1970,50
m303418,content,m,25-06-1996,24
m303419,content,m,24-03-1971,49
m303420,content,m,15-03-1993,27
m303421,content,m,11-02-1995,25
m303422,content,m,27-04-1980,40
m303423,content,m,12-05-1974,46
f303424,content,f,13-06-1977,43
m303425,content,m,17-05-1972,48
m303426,content,m,27-01-1975,45
m303427,content,m,27-11-1996,24
m303428,content,m,27-05-1983,37
f303429,content,f,21-04-1977,43
m303430,content,m,13-10-1982,38
m303431,content,m,25-10-1977,43
m303432,content,m,12-07-1975,45
f303433,content,f,14-06-1970,50
m303434,content,m,12-06-1984,36
f303435,content,f,10-11-1991,29
m303436,content,m,25-03-1993,27
f303437,content,f,15-03-1971,49
m303438,content,m,27-08-1993,27
f303439,content,f,10-11-1978,42
m303440,content,m,27-05-1996,24
f303441,content,f,22-05-1989,31
m303442,content,m,14-02-1971,49
f303443,content,f,27-09-1990,30
f303444,content,f,10-07-1980,40
m303445,content,m,19-07-1979,41
m303446,content,m,22-09-1982,38
f303447,content,f,23-10-1985,35
m303448,content,m,10-01-1981,39
f303449,content,f,23-04-1980,40
m303450,content,m,18-05-1976,44
m303451,content,m,15-06-1998,22
f303452,content,f,24-09-1986,34
m303453,content,m,17-11-1987,33
f303454,content,f,19-08-1978,42
f303455,content,f,12-09-1970,50
f303456,content,f,11-10-1989,31
f303457,content,f,25-08-1985,35
m303458,content,m,15-03-1981,39
f303459,content,f,19-05-1975,45
m303460,content,m,25-03-1977,43
f303461,content,f,23-10-1987,33
m303462,content,m,11-08-1976,44
m303463,content,m,27-09-1975,45
m303464,content,m,16-10-1985,35
m303465,content,m,13-02-1977,43
m303466,content,m,11-01-1971,49
f303467,content,f,12-02-1977,43
m303468,content,m,25-10-1971,49
f303469,content,f,16-06-1976,44
f303470,content,f,22-06-1986,34
f303471,content,f,23-06-1984,36
f303472,content,f,12-02-1987,33
m303473,content,m,13-09-1988,32
m303474,content,m,20-06-1995,25
f303475,content,f,24-05-1980,40
f303476,content,f,12-03-1984,36
f303477,content,f,27-11-1970,50
f303478,content,f,13-05-1970,50
m303479,content,m,13-03-1972,48
f303480,content,f,11-07-1997,23
f303481,content,f,20-03-1980,40
f303482,content,f,17-02-1976,44
f303483,content,f,24-02-1987,33
f303484,content,f,23-08-1994,26
f303485,content,f,10-04-1978,42
f303486,content,f,19-08-1977,43
m303487,content,m,10-03-1993,27
m303488,content,m,10-10-1982,38
f303489,content,f,27-09-1974,46
f303490,content,f,12-01-1981,39
f303491,content,f,20-02-1977,43
m303492,content,m,19-08-1972,48
m303493,content,m,15-07-1972,48
f303494,content,f,21-06-1997,23
f303495,content,f,17-01-1970,50
f303496,content,f,16-06-1978,42
m303497,content,m,21-06-1978,42
f303498,content,f,15-08-1991,29
f303499,content,f,25-10-1985,35
f3034100,content,f,18-07-1984,36
f3034101,content,f,16-01-1979,41
f3034102,content,f,25-10-1975,45
f3034103,content,f,11-03-1991,29
m3034104,content,m,15-07-1996,24
m3034105,content,m,17-02-1975,45
f3034106,content,f,25-09-1998,22
m3034107,content,m,13-04-1986,34
f3034108,content,f,19-11-1986,34
f3034109,content,f,15-08-1989,31
f3034110,content,f,24-09-1975,45
m3034111,content,m,10-08-1978,42
f3034112,content,f,19-02-1987,33
m3034113,content,m,22-08-1979,41
f3034114,content,f,17-04-1983,37
f3034115,content,f,12-11-1991,29
m3034116,content,m,20-07-1979,41
m3034117,content,m,23-08-1973,47
m3034118,content,m,24-01-1970,50
m3034119,content,m,15-08-1990,30
m3034120,content,m,12-02-1990,30
f3034121,content,f,16-09-1971,49
m3034122,content,m,24-11-1987,33
f3034123,content,f,17-09-1985,35
f3034124,content,f,27-05-1973,47
m3034125,content,m,12-10-1978,42
m3034126,content,m,14-08-1981,39
f3034127,content,f,15-05-1998,22
m3034128,content,m,23-11-1970,50
f3034129,content,f,18-04-1997,23
f3034130,content,f,26-09-1991,29
f3034131,content,f,18-03-1988,32
f3034132,content,f,27-04-1998,22
f3034133,content,f,20-02-1983,37
m3034134,content,m,11-07-1998,22
m3034135,content,m,11-09-1997,23
f3034136,content,f,10-01-1991,29
m3034137,content,m,16-01-1990,30
f3034138,content,f,18-01-1990,30
m3034139,content,m,26-02-1986,34
m3034140,content,m,23-08-1993,27
f3034141,content,f,27-01-1984,36
m3034142,content,m,23-07-1998,22
f3034143,content,f,25-07-1981,39
f3034144,content,f,10-07-1981,39
f3034145,content,f,11-02-1974,46
f3034146,content,f,19-06-1997,23
m3034147,content,m,25-09-1976,44
m3034148,content,m,18-09-1989,31
f3034149,content,f,19-06-1970,50
m3034150,content,m,15-11-1983,37
f3034151,content,f,21-11-1983,37
f3034152,content,f,24-10-1970,50
m3034153,content,m,18-02-1977,43
m3034154,content,m,25-09-1989,31
m3034155,content,m,22-01-1987,33
m3034156,content,m,25-02-1994,26
m3034157,content,m,26-06-1977,43
f3034158,content,f,21-09-1980,40
m3034159,content,m,15-06-1977,43
f3034160,content,f,21-02-1989,31
m3034161,content,m,12-04-1974,46
f3034162,content,f,10-11-1990,30
m3034163,content,m,13-11-1977,43
f3034164,content,f,24-01-1973,47
f3034165,content,f,21-03-1990,30
m3034166,content,m,25-11-1990,30
m3034167,content,m,25-09-1997,23
f3034168,content,f,27-06-1978,42
f3034169,content,f,27-11-1991,29
f3034170,content,f,25-01-1998,22
f3034171,content,f,11-03-1976,44
m3034172,content,m,12-03-1996,24
f3034173,content,f,16-08-1993,27
m3034174,content,m,16-09-1978,42
f3034175,content,f,23-01-1971,49
f3034176,content,f,24-04-1989,31
m3034177,content,m,24-04-1983,37
m3034178,content,m,20-02-1970,50
f3034179,content,f,17-05-1981,39
m3034180,content,m,22-10-1992,28
m3034181,content,m,23-06-1977,43
m3034182,content,m,12-08-1990,30
f3034183,content,f,12-10-1970,50
m3034184,content,m,24-10-1984,36
m3034185,content,m,17-06-1982,38
m31030,content,m,25-11-1998,22
f31031,content,f,24-06-1984,36
m31032,content,m,20-10-1997,23
f31033,content,f,27-04-1979,41
f31034,content,f,25-04-1979,41
f31035,content,f,15-03-1981,39
f31036,content,f,20-11-1974,46
m31037,content,m,10-01-1978,42
f31038,content,f,22-04-1990,30
f31039,content,f,20-01-1987,33
m310310,content,m,26-10-1996,24
f310311,content,f,12-05-1992,28
m310312,content,m,11-10-1998,22
f310313,content,f,24-11-1981,39
m310314,content,m,21-03-1991,29
m310315,content,m,15-09-1978,42
m310316,content,m,19-01-1975,45
m310317,content,m,14-05-1996,24
m310318,content,m,23-09-1986,34
f310319,content,f,11-11-1997,23
f310320,content,f,13-01-1981,39
f310321,content,f,17-05-1986,34
f310322,content,f,17-05-1970,50
f310323,content,f,23-11-1980,40
m310324,content,m,16-02-1976,44
m310325,content,m,21-06-1979,41
f310326,content,f,12-04-1993,27
f310327,content,f,11-09-1970,50
m310328,content,m,10-06-1985,35
m310329,content,m,21-02-1971,49
f310330,content,f,25-07-1984,36
f310331,content,f,14-07-1991,29
m310332,content,m,26-08-1982,38
m310333,content,m,11-07-1977,43
f310334,content,f,11-08-1995,25
f310335,content,f,22-08-1971,49
f310336,content,f,14-10-1998,22
m310337,content,m,16-04-1979,41
m310338,content,m,12-04-1997,23
f310339,content,f,12-05-1982,38
f310340,content,f,19-11-1986,34
m310341,content,m,27-02-1995,25
m310342,content,m,18-01-1979,41
f310343,content,f,17-09-1972,48
f310344,content,f,18-08-1995,25
f310345,content,f,25-10-1980,40
f310346,content,f,21-03-1997,23
m310347,content,m,24-01-1970,50
f310348,content,f,11-04-1970,50
m310349,content,m,21-09-1979,41
f310350,content,f,10-02-1981,39
m310351,content,m,21-06-1985,35
m310352,content,m,24-11-1978,42
m310353,content,m,22-03-1977,43
f310354,content,f,24-05-1987,33
f310355,content,f,20-05-1972,48
f310356,content,f,10-01-1975,45
f310357,content,f,18-06-1996,24
f310358,content,f,27-10-1991,29
m310359,content,m,23-11-1997,23
f310360,content,f,10-05-1997,23
m310361,content,m,27-08-1989,31
f310362,content,f,20-02-1982,38
m310363,content,m,22-01-1977,43
f310364,content,f,24-06-1993,27
f310365,content,f,11-02-1991,29
f310366,content,f,21-06-1998,22
f310367,content,f,11-03-1983,37
f310368,content,f,14-09-1970,50
f310369,content,f,17-06-1984,36
m310370,content,m,20-03-1974,46
f310371,content,f,27-01-1972,48
f310372,content,f,12-09-1982,38
f310373,content,f,23-07-1980,40
f310374,content,f,22-08-1970,50
f310375,content,f,18-05-1979,41
f310376,content,f,13-11-1980,40
f310377,content,f,25-01-1983,37
f310378,content,f,10-05-1981,39
f310379,content,f,15-11-1988,32
m310380,content,m,11-10-1973,47
f310381,content,f,21-06-1983,37
f310382,content,f,16-09-1986,34
m310383,content,m,16-01-1985,35
m310384,content,m,27-04-1980,40
f310385,content,f,17-05-1975,45
m310386,content,m,15-05-1985,35
f310387,content,f,18-01-1991,29
f310388,content,f,21-01-1980,40
f310389,content,f,13-04-1970,50
m310390,content,m,17-10-1991,29
m310391,content,m,11-10-1990,30
f310392,content,f,15-08-1998,22
m310393,content,m,23-01-1996,24
m310394,content,m,13-06-1973,47
f310395,content,f,24-08-1986,34
f310396,content,f,14-08-1993,27
m310397,content,m,16-01-1988,32
m310398,content,m,22-07-1997,23
m310399,content,m,22-08-1975,45
m3103100,content,m,12-08-1988,32
m3103101,content,m,20-08-1987,33
m3103102,content,m,19-04-1977,43
f3103103,content,f,22-06-1988,32
m3103104,content,m,23-08-1982,38
m3103105,content,m,17-04-1989,31
m3103106,content,m,20-01-1978,42
m3103107,content,m,19-05-1995,25
m3103108,content,m,24-01-1996,24
f3103109,content,f,14-11-1989,31
m3103110,content,m,25-02-1998,22
f3103111,content,f,11-02-1986,34
m3103112,content,m,21-05-1982,38
m3103113,content,m,12-08-1992,28
m3103114,content,m,13-01-1977,43
f3103115,content,f,22-02-1975,45
f3103116,content,f,19-01-1974,46
m3103117,content,m,17-02-1993,27
f3103118,content,f,13-02-1987,33
f3103119,content,f,26-02-1985,35
f3103120,content,f,23-01-1994,26
f3103121,content,f,17-11-1971,49
m3103122,content,m,26-11-1991,29
f3103123,content,f,13-07-1998,22
f3103124,content,f,11-01-1971,49
m3103125,content,m,26-06-1982,38
f3103126,content,f,22-03-1984,36
m3103127,content,m,18-03-1977,43
f3103128,content,f,10-08-1988,32
f3103129,content,f,19-02-1971,49
f3103130,content,f,18-08-1970,50
f3103131,content,f,14-03-1973,47
f3103132,content,f,13-08-1980,40
f3103133,content,f,21-05-1995,25
f3103134,content,f,15-01-1980,40
f3103135,content,f,19-10-1990,30
m3103136,content,m,23-09-1989,31
m3103137,content,m,26-11-1983,37
m3103138,content,m,19-01-1984,36
f3103139,content,f,20-03-1980,40
m3103140,content,m,25-03-1990,30
m3103141,content,m,13-08-1978,42
f3103142,content,f,18-02-1993,27
f3103143,content,f,12-05-1993,27
f3103144,content,f,11-07-1996,24
f3103145,content,f,24-08-1993,27
f3103146,content,f,16-07-1973,47
f3103147,content,f,25-02-1998,22
f3103148,content,f,27-06-1994,26
m3103149,content,m,10-09-1987,33
m3103150,content,m,15-03-1997,23
m3103151,content,m,21-05-1973,47
f3103152,content,f,11-02-1992,28
f3103153,content,f,19-10-1998,22
f3103154,content,f,25-11-1980,40
m3103155,content,m,19-09-1985,35
f3103156,content,f,20-03-1971,49
m3103157,content,m,25-11-1983,37
m3103158,content,m,10-10-1996,24
m3103159,content,m,26-05-1971,49
f3103160,content,f,27-11-1982,38
f3103161,content,f,18-10-1973,47
m3103162,content,m,10-04-1978,42
f3103163,content,f,25-05-1972,48
f3103164,content,f,22-11-1987,33
m3103165,content,m,20-11-1973,47
m3103166,content,m,17-05-1990,30
m3103167,content,m,25-04-1978,42
m3103168,content,m,20-06-1989,31
f3103169,content,f,16-01-1990,30
m3103170,content,m,23-04-1976,44
f3103171,content,f,18-08-1973,47
f3103172,content,f,19-01-1994,26
m3103173,content,m,21-09-1985,35
f3103174,content,f,14-09-1980,40
m3103175,content,m,27-10-1976,44
f3103176,content,f,20-08-1994,26
f3103177,content,f,15-07-1994,26
f3103178,content,f,13-07-1991,29
f3103179,content,f,13-02-1983,37
m3103180,content,m,13-10-1977,43
m3103181,content,m,13-04-1980,40
m3103182,content,m,22-11-1971,49
f3103183,content,f,11-09-1998,22
f3103184,content,f,23-01-1979,41
f3103185,content,f,17-09-1984,36
f3103186,content,f,18-10-1986,34
f3103187,content,f,19-07-1989,31
m3103188,content,m,19-06-1976,44
m3103189,content,m,13-07-1970,50
m3103190,content,m,22-09-1980,40
m3103191,content,m,16-10-1978,42
f3103192,content,f,25-11-1981,39
f3103193,content,f,12-04-1977,43
f3103194,content,f,11-07-1994,26
f3103195,content,f,10-06-1995,25
f3103196,content,f,27-10-1997,23
f3103197,content,f,12-07-1981,39
m3103198,content,m,21-07-1997,23
f3103199,content,f,23-02-1983,37
f3103200,content,f,21-06-1985,35
f3103201,content,f,14-07-1991,29
f3103202,content,f,25-03-1984,36
f3103203,content,f,26-04-1989,31
m3103204,content,m,11-10-1975,45
m3103205,content,m,12-02-1984,36
f3103206,content,f,23-11-1973,47
f3103207,content,f,27-10-1973,47
m3103208,content,m,20-05-1996,24
m3103209,content,m,23-07-1984,36
m3103210,content,m,19-05-1983,37
m3103211,content,m,12-09-1990,30
m3103212,content,m,22-08-1998,22
m3103213,content,m,12-03-1980,40
m3103214,content,m,20-11-1985,35
f3103215,content,f,24-04-1990,30
f3103216,content,f,13-07-1980,40
m3103217,content,m,20-04-1971,49
m3103218,content,m,13-07-1976,44
m3103219,content,m,25-06-1978,42
m3103220,content,m,12-02-1973,47
m3103221,content,m,18-10-1970,50
f3103222,content,f,11-07-1979,41
m3103223,content,m,10-03-1984,36
f3103224,content,f,14-06-1990,30
f3103225,content,f,23-05-1988,32
m3103226,content,m,10-01-1986,34
m3103227,content,m,13-08-1991,29
m3103228,content,m,16-06-1992,28
m3103229,content,m,11-07-1982,38
m3103230,content,m,14-08-1986,34
m3103231,content,m,15-11-1992,28
m3103232,content,m,26-02-1971,49
f3103233,content,f,11-10-1978,42
f3103234,content,f,15-07-1997,23
m3103235,content,m,12-06-1980,40
f3103236,content,f,20-04-1986,34
f3103237,content,f,22-03-1993,27
f3103238,content,f,22-10-1991,29
f3103239,content,f,12-02-1987,33
m3103240,content,m,21-06-1972,48
f3103241,content,f,18-11-1977,43
m3103242,content,m,18-11-1991,29
m3103243,content,m,10-11-1975,45
f3103244,content,f,26-08-1982,38
m3103245,content,m,24-08-1989,31
m3103246,content,m,15-11-1972,48
m3103247,content,m,21-10-1977,43
f3103248,content,f,23-06-1971,49
m3103249,content,m,11-02-1984,36
m3103250,content,m,18-06-1991,29
m3103251,content,m,23-06-1981,39
f3103252,content,f,15-10-1980,40
m3103253,content,m,15-08-1989,31
f3103254,content,f,10-07-1983,37
f3103255,content,f,21-09-1980,40
f3103256,content,f,11-10-1971,49
m3103257,content,m,20-01-1980,40
f3103258,content,f,13-07-1985,35
f3103259,content,f,23-08-1993,27
m3103260,content,m,15-09-1970,50
f3103261,content,f,12-03-1976,44
m3103262,content,m,14-02-1973,47
m3103263,content,m,24-02-1985,35
m3103264,content,m,17-08-1995,25
f3103265,content,f,13-11-1998,22
m3103266,content,m,15-01-1971,49
f3103267,content,f,20-08-1991,29
m3103268,content,m,22-11-1974,46
m3103269,content,m,24-09-1983,37
f3103270,content,f,12-08-1980,40
f3103271,content,f,27-05-1997,23
m3103272,content,m,12-05-1985,35
m3103273,content,m,17-10-1997,23
f3103274,content,f,25-07-1996,24
m3103275,content,m,15-05-1992,28
f3103276,content,f,23-11-1972,48
f3103277,content,f,18-07-1975,45
m3103278,content,m,22-09-1993,27
m3103279,content,m,23-10-1973,47
m3103280,content,m,19-11-1993,27
m3103281,content,m,25-05-1991,29
f3103282,content,f,20-11-1998,22
f3103283,content,f,18-11-1984,36
f3103284,content,f,17-05-1987,33
m3103285,content,m,14-11-1997,23
f3103286,content,f,16-04-1982,38
m3103287,content,m,10-01-1993,27
m3103288,content,m,20-02-1979,41
m3103289,content,m,21-05-1987,33
m3103290,content,m,22-02-1978,42
m3103291,content,m,17-01-1991,29
f3103292,content,f,14-10-1985,35
m3103293,content,m,26-03-1995,25
m3103294,content,m,13-11-1972,48
m3103295,content,m,19-02-1994,26
m3103296,content,m,13-08-1974,46
m3103297,content,m,19-11-1993,27
m3103298,content,m,21-05-1996,24
f3103299,content,f,24-11-1986,34
m3103300,content,m,27-02-1998,22
m3103301,content,m,11-07-1981,39
m3103302,content,m,14-06-1988,32
m3103303,content,m,26-04-1972,48
m3103304,content,m,22-06-1988,32
f3103305,content,f,16-04-1984,36
f3103306,content,f,15-03-1987,33
f3103307,content,f,22-10-1990,30
f3103308,content,f,12-09-1998,22
f3103309,content,f,26-08-1989,31
m3103310,content,m,26-10-1982,38
f3103311,content,f,10-08-1996,24
m3103312,content,m,15-06-1996,24
f3103313,content,f,27-03-1997,23
f3103314,content,f,27-07-1984,36
f3103315,content,f,26-02-1984,36
f3103316,content,f,21-02-1984,36
f3103317,content,f,14-01-1979,41
m3103318,content,m,18-09-1992,28
f3103319,content,f,17-07-1975,45
f3103320,content,f,17-04-1984,36
f3103321,content,f,13-07-1983,37
m3103322,content,m,15-07-1990,30
m3103323,content,m,22-04-1983,37
f3103324,content,f,18-01-1995,25
m3103325,content,m,23-04-1981,39
m3103326,content,m,22-09-1975,45
m3103327,content,m,23-10-1981,39
m3103328,content,m,25-04-1992,28
m3103329,content,m,17-11-1982,38
m3103330,content,m,25-10-1982,38
m3103331,content,m,15-11-1990,30
m3103332,content,m,14-07-1989,31
f3103333,content,f,23-08-1970,50
f3103334,content,f,10-11-1990,30
f3103335,content,f,18-08-1974,46
f3103336,content,f,22-04-1980,40
f3103337,content,f,24-01-1986,34
f3103338,content,f,12-07-1973,47
m3103339,content,m,19-10-1998,22
m3103340,content,m,10-04-1982,38
m3103341,content,m,22-05-1978,42
m3103342,content,m,27-04-1978,42
m3103343,content,m,27-08-1993,27
m3103344,content,m,17-06-1970,50
m3103345,content,m,26-06-1985,35
m3103346,content,m,13-06-1977,43
m3103347,content,m,18-05-1997,23
m3103348,content,m,14-09-1974,46
m3103349,content,m,27-04-1991,29
f3103350,content,f,13-01-1985,35
m3103351,content,m,22-10-1975,45
f3103352,content,f,18-03-1980,40
f3103353,content,f,26-09-1993,27
f3103354,content,f,17-10-1993,27
m3103355,content,m,26-01-1989,31
f3103356,content,f,22-07-1980,40
f3103357,content,f,23-03-1998,22
f3103358,content,f,22-01-1974,46
m3103359,content,m,25-03-1987,33
m3103360,content,m,20-07-1997,23
f3103361,content,f,13-01-1978,42
f3103362,content,f,22-11-1973,47
f3103363,content,f,18-09-1972,48
m3103364,content,m,23-08-1995,25
f3103365,content,f,14-01-1975,45
f3103366,content,f,26-09-1986,34
m3103367,content,m,24-07-1986,34
f3103368,content,f,16-03-1974,46
m3103369,content,m,18-06-1976,44
m3103370,content,m,14-09-1983,37
f3103371,content,f,27-08-1993,27
f3103372,content,f,10-04-1984,36
m3103373,content,m,24-04-1987,33
f3103374,content,f,19-04-1997,23
f3103375,content,f,23-05-1977,43
m3103376,content,m,15-07-1995,25
f3103377,content,f,15-09-1972,48
m3103378,content,m,13-09-1993,27
f3103379,content,f,16-09-1972,48
m3103380,content,m,18-11-1994,26
f3103381,content,f,19-02-1994,26
f3103382,content,f,21-05-1970,50
m3103383,content,m,12-06-1974,46
f3103384,content,f,21-01-1998,22
f3103385,content,f,21-10-1983,37
f3103386,content,f,26-11-1984,36
f3103387,content,f,15-02-1991,29
f3103388,content,f,19-06-1983,37
m3103389,content,m,23-06-1993,27
f3103390,content,f,25-09-1989,31
m3103391,content,m,25-02-1989,31
f3103392,content,f,22-02-1974,46
m3103393,content,m,21-06-1992,28
m3103394,content,m,15-11-1987,33
m3103395,content,m,19-08-1992,28
m3103396,content,m,19-03-1987,33
f3103397,content,f,13-05-1973,47
f3103398,content,f,12-02-1984,36
f3103399,content,f,19-08-1989,31
f3103400,content,f,22-07-1982,38
f3103401,content,f,10-07-1995,25
f3103402,content,f,11-09-1988,32
m3103403,content,m,19-11-1972,48
m3103404,content,m,22-03-1994,26
m3103405,content,m,13-03-1991,29
f3103406,content,f,26-09-1977,43
f3103407,content,f,15-06-1998,22
m3103408,content,m,22-09-1993,27
m3103409,content,m,11-10-1991,29
m3103410,content,m,21-08-1995,25
m3103411,content,m,19-08-1976,44
f3103412,content,f,24-08-1985,35
m3103413,content,m,21-09-1983,37
m3103414,content,m,26-04-1975,45
m3103415,content,m,12-10-1981,39
m3103416,content,m,10-11-1985,35
f3103417,content,f,11-11-1975,45
f3103418,content,f,16-08-1991,29
f3103419,content,f,13-10-1992,28
f3103420,content,f,12-11-1970,50
f3103421,content,f,11-01-1974,46
m3103422,content,m,11-08-1987,33
f3103423,content,f,27-10-1988,32
f3103424,content,f,10-07-1975,45
m3103425,content,m,14-11-1979,41
m3103426,content,m,19-11-1996,24
m3103427,content,m,19-03-1971,49
m3103428,content,m,10-06-1972,48
f3103429,content,f,21-03-1981,39
m3103430,content,m,20-05-1997,23
f3103431,content,f,26-07-1987,33
m3103432,content,m,10-10-1980,40
f3103433,content,f,12-08-1972,48
m3103434,content,m,11-08-1980,40
f3103435,content,f,22-08-1994,26
m3103436,content,m,10-07-1976,44
m3103437,content,m,26-11-1974,46
m3103438,content,m,13-04-1971,49
f3103439,content,f,13-08-1995,25
m3103440,content,m,11-01-1981,39
f3103441,content,f,11-05-1990,30
f3103442,content,f,25-07-1992,28
f3103443,content,f,22-08-1998,22
m3103444,content,m,21-08-1988,32
m3103445,content,m,26-05-1994,26
f3103446,content,f,13-09-1973,47
f3103447,content,f,18-02-1988,32
m3103448,content,m,14-10-1981,39
m33070,content,m,15-08-1975,45
f33071,content,f,26-04-1995,25
f33072,content,f,22-05-1992,28
m33073,content,m,25-08-1978,42
m33074,content,m,22-05-1984,36
m33075,content,m,15-07-1977,43
m33076,content,m,17-05-1975,45
f33077,content,f,17-08-1975,45
f33078,content,f,24-03-1983,37
m33079,content,m,18-10-1988,32
f330710,content,f,12-07-1995,25
f330711,content,f,11-09-1996,24
m330712,content,m,12-11-1995,25
f330713,content,f,26-05-1977,43
f330714,content,f,13-08-1970,50
f330715,content,f,24-04-1991,29
f330716,content,f,17-05-1990,30
f330717,content,f,20-01-1987,33
m330718,content,m,13-04-1993,27
f330719,content,f,23-08-1976,44
m330720,content,m,17-04-1981,39
f330721,content,f,24-11-1970,50
f330722,content,f,17-07-1970,50
f330723,content,f,17-01-1973,47
f330724,content,f,10-11-1983,37
f330725,content,f,10-02-1987,33
m330726,content,m,21-08-1989,31
m330727,content,m,27-02-1993,27
f330728,content,f,18-08-1995,25
m330729,content,m,20-01-1995,25
f330730,content,f,11-11-1978,42
m330731,content,m,18-01-1997,23
m330732,content,m,14-01-1979,41
f330733,content,f,10-02-1977,43
m330734,content,m,10-08-1986,34
f330735,content,f,10-05-1979,41
f330736,content,f,21-01-1998,22
m330737,content,m,22-03-1997,23
f330738,content,f,12-06-1976,44
m330739,content,m,11-07-1994,26
f330740,content,f,24-08-1972,48
f330741,content,f,26-10-1993,27
m330742,content,m,18-06-1995,25
f330743,content,f,17-01-1980,40
m330744,content,m,19-09-1978,42
m330745,content,m,12-08-1988,32
m330746,content,m,26-01-1977,43
m330747,content,m,24-07-1992,28
m330748,content,m,16-05-1976,44
m330749,content,m,13-02-1988,32
m330750,content,m,14-10-1970,50
m330751,content,m,20-10-1987,33
f330752,content,f,18-03-1985,35
f330753,content,f,21-07-1981,39
m330754,content,m,17-03-1994,26
f330755,content,f,15-05-1992,28
m330756,content,m,12-10-1996,24
f330757,content,f,25-07-1991,29
f330758,content,f,21-08-1985,35
m330759,content,m,24-04-1992,28
f330760,content,f,23-06-1989,31
m330761,content,m,27-07-1983,37
f330762,content,f,24-11-1990,30
m330763,content,m,16-08-1998,22
f330764,content,f,13-09-1979,41
f330765,content,f,23-05-1988,32
f330766,content,f,12-08-1981,39
f330767,content,f,19-07-1987,33
f330768,content,f,27-04-1979,41
f330769,content,f,23-07-1987,33
f330770,content,f,19-10-1978,42
f330771,content,f,17-05-1983,37
f330772,content,f,21-05-1980,40
f330773,content,f,22-10-1976,44
f330774,content,f,17-07-1978,42
f330775,content,f,23-10-1984,36
f330776,content,f,19-09-1973,47
m330777,content,m,20-08-1974,46
m330778,content,m,11-11-1984,36
f330779,content,f,25-08-1992,28
m330780,content,m,20-05-1985,35
m330781,content,m,13-06-1983,37
f330782,content,f,20-04-1991,29
f330783,content,f,25-06-1980,40
m330784,content,m,21-08-1973,47
f330785,content,f,19-09-1977,43
m330786,content,m,11-10-1986,34
m330787,content,m,19-10-1989,31
m330788,content,m,10-10-1994,26
m330789,content,m,19-04-1990,30
f34340,content,f,20-02-1985,35
m34341,content,m,24-05-1970,50
f34342,content,f,21-09-1972,48
f34343,content,f,22-10-1994,26
m34344,content,m,17-06-1974,46
m34345,content,m,14-07-1992,28
m34346,content,m,14-08-1973,47
m35120,content,m,27-10-1987,33
f35121,content,f,23-07-1989,31
m35122,content,m,10-08-1981,39
f35123,content,f,15-09-1988,32
f35124,content,f,17-06-1977,43
f35125,content,f,26-05-1974,46
f35126,content,f,21-09-1971,49
f35127,content,f,19-11-1975,45
f35128,content,f,27-03-1984,36
m35129,content,m,16-03-1971,49
m351210,content,m,16-09-1981,39
m351211,content,m,26-02-1992,28
m351212,content,m,15-02-1982,38
f351213,content,f,25-03-1978,42
f351214,content,f,21-06-1979,41
f351215,content,f,23-07-1983,37
m351216,content,m,18-01-1978,42
m351217,content,m,15-02-1998,22
f351218,content,f,19-10-1989,31
m351219,content,m,23-07-1986,34
m351220,content,m,20-04-1972,48
m351221,content,m,27-04-1981,39
f351222,content,f,20-04-1970,50
f351223,content,f,20-02-1998,22
m351224,content,m,26-10-1975,45
m351225,content,m,25-05-1986,34
m351226,content,m,27-04-1982,38
f351227,content,f,12-11-1998,22
f351228,content,f,12-07-1983,37
f351229,content,f,11-07-1993,27
m351230,content,m,22-10-1974,46
m351231,content,m,23-02-1981,39
m351232,content,m,18-10-1987,33
m351233,content,m,18-05-1974,46
m351234,content,m,11-04-1996,24
m351235,content,m,21-08-1984,36
m351236,content,m,10-03-1993,27
f351237,content,f,13-06-1986,34
f351238,content,f,20-04-1983,37
f351239,content,f,17-05-1975,45
m351240,content,m,18-10-1987,33
f351241,content,f,11-03-1978,42
f351242,content,f,11-09-1973,47
m351243,content,m,15-10-1983,37
m351244,content,m,23-05-1985,35
m351245,content,m,10-10-1984,36
f351246,content,f,27-03-1970,50
m351247,content,m,12-01-1993,27
m351248,content,m,14-02-1990,30
m351249,content,m,24-07-1997,23
m351250,content,m,12-08-1998,22
f351251,content,f,24-09-1970,50
m351252,content,m,16-02-1978,42
f351253,content,f,13-07-1970,50
f351254,content,f,13-07-1984,36
m351255,content,m,14-09-1971,49
m351256,content,m,19-07-1986,34
m351257,content,m,25-06-1986,34
m351258,content,m,17-03-1980,40
m351259,content,m,13-08-1981,39
m351260,content,m,21-07-1994,26
m351261,content,m,13-01-1980,40
f351262,content,f,25-09-1971,49
m351263,content,m,25-08-1980,40
m351264,content,m,27-10-1996,24
f351265,content,f,22-08-1994,26
f351266,content,f,23-04-1978,42
m351267,content,m,19-06-1996,24
m351268,content,m,18-01-1994,26
f351269,content,f,10-06-1989,31
f351270,content,f,26-05-1975,45
f351271,content,f,19-06-1984,36
f351272,content,f,16-02-1971,49
f351273,content,f,21-02-1998,22
m351274,content,m,20-08-1981,39
m351275,content,m,17-07-1985,35
m351276,content,m,16-03-1987,33
f351277,content,f,18-07-1990,30
m351278,content,m,26-10-1971,49
m351279,content,m,10-03-1998,22
f351280,content,f,16-09-1986,34
f351281,content,f,24-10-1997,23
m351282,content,m,23-11-1997,23
f351283,content,f,23-02-1988,32
f351284,content,f,27-01-1989,31
f351285,content,f,19-09-1992,28
m351286,content,m,17-06-1988,32
f351287,content,f,23-10-1985,35
m351288,content,m,21-02-1972,48
f351289,content,f,26-05-1995,25
f351290,content,f,22-09-1976,44
m351291,content,m,18-06-1977,43
f351292,content,f,15-03-1972,48
f351293,content,f,11-11-1982,38
f351294,content,f,18-07-1980,40
f351295,content,f,17-02-1984,36
f351296,content,f,14-04-1995,25
m351297,content,m,23-10-1994,26
m351298,content,m,26-10-1973,47
m351299,content,m,24-06-1982,38
f3512100,content,f,21-09-1986,34
f3512101,content,f,27-07-1992,28
m3512102,content,m,21-11-1983,37
f3512103,content,f,19-02-1988,32
f3512104,content,f,15-10-1977,43
f3512105,content,f,11-07-1989,31
f3512106,content,f,27-05-1992,28
f3512107,content,f,15-04-1996,24
m3512108,content,m,14-03-1981,39
m3512109,content,m,22-04-1993,27
f3512110,content,f,20-10-1998,22
f3512111,content,f,24-05-1998,22
m3512112,content,m,13-11-1976,44
m3512113,content,m,26-01-1980,40
f3512114,content,f,11-10-1989,31
f3512115,content,f,11-06-1992,28
m3512116,content,m,18-11-1979,41
m3512117,content,m,27-10-1980,40
f3512118,content,f,19-10-1989,31
m3512119,content,m,21-01-1994,26
f3512120,content,f,10-04-1979,41
m3512121,content,m,16-06-1985,35
f3512122,content,f,16-06-1976,44
m3512123,content,m,27-04-1981,39
m3512124,content,m,20-01-1993,27
f3512125,content,f,24-11-1997,23
f3512126,content,f,27-05-1982,38
m3512127,content,m,16-04-1992,28
f3512128,content,f,10-02-1993,27
m3512129,content,m,10-01-1976,44
m3512130,content,m,21-11-1972,48
f3512131,content,f,20-02-1973,47
m3512132,content,m,14-02-1991,29
m3512133,content,m,15-02-1983,37
f3512134,content,f,25-07-1994,26
f3512135,content,f,19-05-1987,33
f3512136,content,f,18-03-1990,30
m3512137,content,m,11-01-1978,42
f3512138,content,f,23-11-1973,47
m3512139,content,m,23-08-1979,41
m3512140,content,m,16-06-1993,27
f3512141,content,f,26-04-1979,41
f3512142,content,f,24-04-1991,29
m3512143,content,m,27-08-1995,25
f3512144,content,f,19-03-1984,36
f3512145,content,f,11-05-1971,49
m3512146,content,m,14-07-1979,41
f3512147,content,f,27-05-1996,24
m3512148,content,m,24-07-1977,43
f3512149,content,f,22-01-1970,50
f3512150,content,f,13-09-1986,34
f3512151,content,f,23-08-1990,30
f3512152,content,f,20-07-1984,36
f3512153,content,f,21-09-1975,45
m3512154,content,m,19-04-1987,33
f3512155,content,f,22-02-1971,49
f3512156,content,f,26-07-1971,49
m3512157,content,m,19-07-1998,22
m3512158,content,m,15-05-1979,41
f3512159,content,f,24-03-1997,23
m3512160,content,m,15-02-1983,37
f3512161,content,f,19-06-1978,42
f3512162,content,f,23-08-1987,33
f3512163,content,f,13-04-1983,37
f3512164,content,f,14-11-1971,49
f3512165,content,f,27-02-1982,38
f3512166,content,f,16-05-1974,46
m3512167,content,m,20-07-1989,31
f3512168,content,f,13-07-1989,31
m3512169,content,m,27-10-1976,44
m3512170,content,m,11-04-1983,37
m3512171,content,m,19-02-1970,50
f3512172,content,f,18-06-1978,42
f3512173,content,f,22-11-1982,38
f3512174,content,f,21-10-1973,47
f3512175,content,f,11-10-1987,33
m3512176,content,m,16-11-1981,39
f3512177,content,f,13-11-1984,36
m3512178,content,m,27-01-1995,25
m3512179,content,m,26-01-1974,46
f3512180,content,f,14-11-1991,29
m3512181,content,m,19-08-1994,26
f3512182,content,f,23-08-1989,31
m3512183,content,m,10-05-1970,50
m3512184,content,m,21-11-1997,23
m3512185,content,m,22-11-1994,26
m3512186,content,m,14-04-1970,50
f3512187,content,f,15-01-1995,25
m3512188,content,m,13-11-1972,48
f3512189,content,f,15-01-1994,26
f3512190,content,f,14-07-1985,35
m3512191,content,m,12-10-1984,36
f3512192,content,f,15-03-1990,30
f3512193,content,f,20-07-1971,49
f3512194,content,f,17-11-1988,32
m3512195,content,m,21-10-1971,49
m3512196,content,m,27-08-1974,46
f3512197,content,f,26-09-1983,37
m3512198,content,m,11-07-1972,48
m3512199,content,m,18-04-1994,26
m3512200,content,m,24-10-1992,28
m3512201,content,m,26-02-1986,34
f3512202,content,f,18-04-1975,45
f3512203,content,f,20-02-1989,31
m3512204,content,m,14-09-1980,40
m3512205,content,m,24-09-1972,48
m3512206,content,m,11-06-1982,38
m3512207,content,m,17-09-1978,42
m3512208,content,m,21-05-1977,43
m3512209,content,m,21-11-1998,22
m3512210,content,m,14-06-1993,27
f3512211,content,f,16-04-1980,40
f3512212,content,f,12-03-1983,37
m3512213,content,m,11-01-1972,48
m3512214,content,m,25-07-1998,22
m3512215,content,m,24-11-1981,39
f3512216,content,f,20-09-1979,41
f3512217,content,f,19-03-1987,33
f36180,content,f,20-08-1978,42
f36181,content,f,19-08-1975,45
f36182,content,f,23-05-1986,34
f36183,content,f,26-07-1977,43
m36184,content,m,10-04-1991,29
f36185,content,f,12-09-1970,50
m36186,content,m,25-01-1998,22
f36187,content,f,21-08-1976,44
f36350,content,f,10-03-1990,30
f36351,content,f,25-07-1982,38
m36352,content,m,16-04-1984,36
m36353,content,m,16-07-1972,48
f36354,content,f,22-09-1997,23
m36355,content,m,12-03-1975,45
m36356,content,m,18-07-1996,24
m36550,content,m,18-04-1971,49
m36551,content,m,19-08-1973,47
f36552,content,f,22-04-1993,27
f36553,content,f,16-11-1988,32
f36554,content,f,10-02-1992,28
m36555,content,m,14-02-1991,29
m36556,content,m,12-08-1979,41
m36557,content,m,12-06-1997,23
f39520,content,f,11-03-1996,24
f39521,content,f,12-06-1973,47
m39522,content,m,25-11-1990,30
m39523,content,m,19-04-1972,48
f39524,content,f,12-07-1970,50
f39525,content,f,22-07-1975,45
m39526,content,m,21-05-1972,48
f39527,content,f,13-10-1988,32
f39528,content,f,18-03-1985,35
m39529,content,m,27-05-1985,35
f395210,content,f,24-11-1988,32
f395211,content,f,13-07-1974,46
m395212,content,m,13-10-1978,42
m395213,content,m,21-10-1990,30
f395214,content,f,15-11-1991,29
m395215,content,m,27-11-1979,41
f395216,content,f,24-08-1975,45
m395217,content,m,21-08-1996,24
f395218,content,f,26-02-1981,39
f395219,content,f,18-08-1979,41
f395220,content,f,18-06-1980,40
f395221,content,f,19-04-1973,47
f395222,content,f,15-01-1987,33
f395223,content,f,26-08-1970,50
f395224,content,f,25-10-1984,36
m395225,content,m,23-07-1981,39
f395226,content,f,16-02-1991,29
f395227,content,f,26-09-1998,22
f395228,content,f,19-07-1992,28
f395229,content,f,16-10-1974,46
f395230,content,f,22-06-1987,33
f395231,content,f,24-01-1973,47
f395232,content,f,26-03-1994,26
m395233,content,m,12-08-1995,25
m395234,content,m,15-06-1989,31
m395235,content,m,15-02-1996,24
m395236,content,m,19-10-1971,49
f395237,content,f,17-10-1989,31
m395238,content,m,27-05-1974,46
f395239,content,f,25-08-1975,45
f395240,content,f,14-09-1986,34
m395241,content,m,12-08-1971,49
f395242,content,f,24-11-1993,27
m395243,content,m,21-11-1990,30
f395244,content,f,27-04-1986,34
m395245,content,m,21-06-1971,49
f395246,content,f,23-01-1991,29
f395247,content,f,12-09-1973,47
m395248,content,m,25-06-1990,30
f395249,content,f,12-09-1986,34
m395250,content,m,19-09-1975,45
m395251,content,m,21-10-1995,25
f395252,content,f,20-06-1980,40
m395253,content,m,16-02-1974,46
f395254,content,f,21-03-1979,41
f395255,content,f,22-01-1983,37
f395256,content,f,18-09-1972,48
m395257,content,m,10-09-1980,40
f395258,content,f,23-11-1998,22
f395259,content,f,12-05-1989,31
m395260,content,m,18-06-1974,46
f395261,content,f,10-07-1990,30
f395262,content,f,19-02-1978,42
m395263,content,m,21-07-1971,49
f395264,content,f,26-06-1975,45
m395265,content,m,19-02-1996,24
f395266,content,f,17-06-1984,36
f395267,content,f,26-08-1987,33
m395268,content,m,20-11-1989,31
m395269,content,m,19-04-1977,43
f395270,content,f,10-07-1994,26
m395271,content,m,24-06-1976,44
f395272,content,f,20-06-1984,36
m395273,content,m,26-03-1972,48
f395274,content,f,17-02-1970,50
m395275,content,m,19-02-1976,44
f395276,content,f,12-05-1976,44
m395277,content,m,10-10-1985,35
m395278,content,m,11-08-1983,37
f395279,content,f,26-11-1997,23
m395280,content,m,19-02-1992,28
m395281,content,m,11-03-1989,31
f395282,content,f,26-09-1990,30
m395283,content,m,10-08-1989,31
m395284,content,m,14-05-1994,26
m395285,content,m,25-05-1995,25
f395286,content,f,17-05-1989,31
m395287,content,m,25-02-1997,23
m395288,content,m,25-05-1994,26
m395289,content,m,18-11-1974,46
m395290,content,m,22-08-1996,24
m395291,content,m,10-07-1973,47
f395292,content,f,21-03-1995,25
f395293,content,f,11-01-1979,41
m395294,content,m,16-06-1997,23
m395295,content,m,12-02-1997,23
f395296,content,f,24-10-1988,32
m395297,content,m,11-11-1989,31
f395298,content,f,18-05-1973,47
f395299,content,f,13-06-1971,49
m3952100,content,m,17-03-1977,43
m3952101,content,m,22-09-1982,38
f3952102,content,f,12-11-1997,23
f3952103,content,f,21-01-1992,28
f3952104,content,f,12-03-1983,37
f3952105,content,f,16-11-1989,31
f3952106,content,f,20-06-1978,42
f3952107,content,f,26-08-1992,28
m3952108,content,m,11-09-1992,28
m3952109,content,m,18-11-1972,48
f3952110,content,f,17-05-1988,32
m3952111,content,m,21-05-1970,50
m3952112,content,m,21-07-1973,47
m3952113,content,m,27-01-1973,47
f3952114,content,f,14-10-1978,42
f3952115,content,f,23-03-1974,46
f3952116,content,f,18-11-1980,40
f3952117,content,f,19-03-1987,33
f3952118,content,f,22-01-1974,46
m3952119,content,m,18-03-1993,27
f3952120,content,f,18-10-1980,40
m3952121,content,m,16-11-1982,38
f3952122,content,f,18-05-1976,44
m3952123,content,m,27-07-1980,40
m3952124,content,m,24-09-1984,36
f3952125,content,f,20-10-1986,34
m3952126,content,m,25-01-1980,40
m3952127,content,m,22-09-1983,37
f3952128,content,f,12-10-1995,25
f3952129,content,f,16-05-1978,42
f3952130,content,f,15-07-1971,49
m3952131,content,m,11-02-1993,27
m3952132,content,m,20-06-1977,43
m3952133,content,m,10-04-1986,34
m3952134,content,m,24-10-1983,37
f3952135,content,f,20-02-1991,29
f3952136,content,f,13-10-1986,34
f3952137,content,f,12-09-1993,27
f3952138,content,f,18-04-1987,33
m3952139,content,m,18-09-1998,22
m3952140,content,m,24-11-1970,50
f3952141,content,f,26-01-1978,42
m3952142,content,m,22-05-1974,46
f3952143,content,f,20-01-1974,46
m3952144,content,m,25-05-1993,27
f3952145,content,f,23-01-1996,24
f3952146,content,f,24-11-1981,39
f3952147,content,f,18-05-1982,38
m3952148,content,m,10-05-1996,24
f3952149,content,f,25-01-1979,41
f3952150,content,f,24-05-1984,36
f3952151,content,f,26-11-1987,33
m3952152,content,m,23-07-1997,23
m3952153,content,m,14-03-1993,27
m3952154,content,m,18-06-1997,23
m3952155,content,m,27-03-1971,49
m3952156,content,m,24-05-1988,32
m3952157,content,m,26-08-1991,29
f3952158,content,f,21-08-1995,25
m3952159,content,m,26-10-1980,40
f3952160,content,f,17-11-1988,32
m3952161,content,m,26-08-1991,29
f3952162,content,f,18-11-1970,50
f3952163,content,f,19-02-1988,32
m3952164,content,m,17-10-1982,38
m3952165,content,m,23-08-1987,33
f3952166,content,f,26-09-1978,42
f3952167,content,f,25-11-1975,45
f121210,None,None,None,None
m12167,None,None,None,None
f131549,content,f,22-07-1991,28
m44520,content,m,11-09-1980,40
m44521,content,m,19-03-1980,40
f44522,content,f,27-11-1981,39
m44523,content,m,22-07-1981,39
m44524,content,m,15-01-1982,38
f44525,content,f,10-05-1982,38
m44526,content,m,24-05-1983,37
f44527,content,f,18-04-1983,37
f44528,content,f,20-04-1984,36
m44529,content,m,13-10-1984,36
m445210,content,m,21-02-1985,35
m445211,content,m,17-05-1985,35
m445212,content,m,15-02-1986,34
f445213,content,f,18-11-1986,34
m445214,content,m,27-03-1987,33
f445215,content,f,14-05-1987,33
f445216,content,f,17-05-1988,32
f445217,content,f,27-07-1988,32
m445218,content,m,18-04-1989,31
f445219,content,f,10-04-1989,31
f445220,content,f,14-06-1990,30
f445221,content,f,18-11-1990,30
m445222,content,m,26-02-1991,29
f445223,content,f,20-01-1991,29
m445224,content,m,27-10-1992,28
m445225,content,m,25-07-1992,28
f445226,content,f,17-07-1993,27
m445227,content,m,16-09-1993,27
f445228,content,f,14-09-1994,26
m445229,content,m,21-08-1994,26
f45550,content,f,24-01-1980,40
m45551,content,m,17-04-1980,40
f45552,content,f,15-09-1981,39
f45553,content,f,17-08-1981,39
m45554,content,m,16-07-1982,38
m45555,content,m,19-04-1982,38
f45556,content,f,26-11-1983,37
m45557,content,m,19-03-1983,37
f45558,content,f,16-02-1984,36
f45559,content,f,19-01-1984,36
m455510,content,m,26-10-1985,35
m455511,content,m,14-04-1985,35
m455512,content,m,11-07-1986,34
m455513,content,m,26-01-1986,34
f455514,content,f,12-11-1987,33
f455515,content,f,25-09-1987,33
f455516,content,f,24-01-1988,32
m455517,content,m,16-03-1988,32
m455518,content,m,14-10-1989,31
f455519,content,f,18-04-1989,31
m455520,content,m,27-07-1990,30
m455521,content,m,26-08-1990,30
m455522,content,m,21-11-1991,29
m455523,content,m,19-01-1991,29
m455524,content,m,15-08-1992,28
m455525,content,m,15-09-1992,28
m455526,content,m,22-09-1993,27
m455527,content,m,27-05-1993,27
m455528,content,m,25-02-1994,26
m455529,content,m,20-03-1994,26
f455530,content,f,26-11-1995,25
f455531,content,f,19-07-1995,25
m455532,content,m,17-07-1996,24
m455533,content,m,12-08-1996,24
m455534,content,m,13-01-1997,23
m455535,content,m,21-11-1997,23
f48100,content,f,21-06-1994,26
m48101,content,m,17-07-1995,25
f48102,content,f,12-02-1981,39
f48103,content,f,27-06-1995,25
m48104,content,m,11-02-1994,26
m48105,content,m,16-09-1989,31
f48106,content,f,22-10-1991,29
f48107,content,f,25-03-1985,35
m48108,content,m,22-11-1989,31
m48109,content,m,24-03-1981,39
f481010,content,f,24-11-1989,31
f481011,content,f,14-11-1980,40
m481012,content,m,18-09-1985,35
f481013,content,f,26-07-1989,31
m481014,content,m,11-07-1992,28
m481015,content,m,15-01-1981,39
m481016,content,m,16-07-1984,36
m481017,content,m,16-06-1992,28
f481018,content,f,26-07-1997,23
m481019,content,m,14-11-1991,29
f481020,content,f,27-09-1982,38
f481021,content,f,23-02-1982,38
m481022,content,m,15-08-1991,29
f481023,content,f,18-05-1998,22
m481024,content,m,23-10-1984,36
m481025,content,m,21-09-1988,32
m481026,content,m,15-09-1984,36
f481027,content,f,15-07-1988,32
f481028,content,f,10-11-1988,32
m481029,content,m,26-03-1995,25
m481030,content,m,13-06-1984,36
f481031,content,f,12-01-1998,22
m481032,content,m,23-08-1997,23
m481033,content,m,24-06-1987,33
m481034,content,m,23-04-1980,40
f481035,content,f,11-07-1989,31
m481036,content,m,13-04-1996,24
m481037,content,m,23-09-1991,29
f481038,content,f,25-09-1989,31
f481039,content,f,27-05-1987,33
m481040,content,m,27-10-1986,34
m481041,content,m,23-05-1986,34
f481042,content,f,27-04-1982,38
m481043,content,m,20-06-1997,23
m481044,content,m,22-11-1992,28
m481045,content,m,10-10-1990,30
m481046,content,m,25-10-1986,34
m481047,content,m,18-02-1994,26
f481048,content,f,22-02-1988,32
m481049,content,m,20-07-1985,35
f481050,content,f,11-01-1984,36
f481051,content,f,25-01-1994,26
f481052,content,f,12-01-1984,36
f481053,content,f,26-10-1986,34
m481054,content,m,22-08-1991,29
f481055,content,f,24-05-1988,32
f481056,content,f,17-05-1986,34
m481057,content,m,20-03-1983,37
m481058,content,m,18-11-1983,37
f481059,content,f,14-01-1986,34
f481060,content,f,13-03-1996,24
m481061,content,m,26-07-1988,32
f481062,content,f,21-02-1991,29
f481063,content,f,13-01-1981,39
m481064,content,m,20-11-1980,40
f481065,content,f,18-02-1989,31
m481066,content,m,18-03-1993,27
m481067,content,m,19-02-1980,40
f481068,content,f,23-09-1992,28
f481069,content,f,26-06-1983,37
f481070,content,f,22-11-1989,31
f481071,content,f,16-02-1998,22
f481072,content,f,24-11-1993,27
m481073,content,m,26-08-1985,35
m481074,content,m,17-10-1982,38
m481075,content,m,21-07-1984,36
m481076,content,m,27-05-1983,37
f481077,content,f,19-11-1991,29
f481078,content,f,20-06-1993,27
m481079,content,m,12-03-1982,38
f481080,content,f,18-07-1989,31
m481081,content,m,13-10-1981,39
f481082,content,f,17-09-1997,23
m481083,content,m,21-11-1995,25
f481084,content,f,22-06-1986,34
f481085,content,f,24-09-1987,33
f481086,content,f,15-07-1997,23
f481087,content,f,20-07-1983,37
m481088,content,m,11-04-1986,34
m481089,content,m,25-06-1980,40
m481090,content,m,26-10-1987,33
f481091,content,f,19-03-1986,34
m481092,content,m,26-10-1985,35
m481093,content,m,27-02-1993,27
m481094,content,m,25-07-1987,33
f481095,content,f,15-08-1995,25
f145257,None,None,None,None
m16237,None,None,None,None
f163247,None,None,None,None
f161953,None,None,None,None
f165515,None,None,None,None
f165652,None,None,None,None
f16011,None,None,None,None
f16380,None,None,None,None
f164710,None,None,None,None
m161656,None,None,None,None
f162721,None,None,None,None
f185135,None,None,None,None
f181429,None,None,None,None
f181847,content,f,21-10-1988,31
m18514,content,m,05-01-1995,25
m185253,content,m,04-04-1995,25
m18580,content,m,03-10-1995,24
m18338,content,m,10-01-1995,25
f18954,None,None,None,None
f183540,None,None,None,None
m30580,content,m,20-01-1994,26
m30581,content,m,11-03-1988,32
m30582,content,m,24-05-1980,40
m30583,content,m,19-06-1981,39
m30584,content,m,24-07-1982,38
f30585,content,f,26-11-1985,35
m30586,content,m,24-08-1984,36
f30587,content,f,12-04-1997,23
m30588,content,m,25-07-1987,33
f30589,content,f,20-10-1981,39
f305810,content,f,22-06-1998,22
f305811,content,f,20-10-1981,39
f305812,content,f,12-01-1992,28
m305813,content,m,19-05-1991,29
f305814,content,f,19-09-1991,29
m305815,content,m,18-08-1992,28
f305816,content,f,23-10-1981,39
m305817,content,m,27-06-1981,39
f305818,content,f,10-08-1980,40
f305819,content,f,27-10-1993,27
f305820,content,f,24-11-1996,24
f305821,content,f,10-02-1993,27
m305822,content,m,24-05-1986,34
f305823,content,f,18-10-1988,32
f305824,content,f,15-01-1988,32
m305825,content,m,13-05-1982,38
f305826,content,f,19-11-1994,26
f305827,content,f,11-02-1993,27
m305828,content,m,25-06-1996,24
m305829,content,m,22-02-1987,33
f305830,content,f,11-08-1981,39
m305831,content,m,11-11-1998,22
m305832,content,m,21-09-1986,34
m305833,content,m,26-06-1989,31
m305834,content,m,14-03-1983,37
f305835,content,f,25-11-1987,33
f305836,content,f,23-09-1997,23
f305837,content,f,20-04-1981,39
f305838,content,f,21-11-1991,29
f305839,content,f,22-08-1996,24
m305840,content,m,13-10-1990,30
f305841,content,f,11-05-1998,22
m305842,content,m,27-07-1982,38
f305843,content,f,27-08-1998,22
f305844,content,f,11-04-1993,27
m305845,content,m,15-11-1990,30
m305846,content,m,27-07-1989,31
f305847,content,f,24-06-1980,40
f305848,content,f,11-03-1997,23
m305849,content,m,18-03-1989,31
f305850,content,f,14-08-1981,39
m305851,content,m,18-01-1981,39
f305852,content,f,11-04-1992,28
f305853,content,f,19-05-1993,27
f305854,content,f,20-03-1997,23
f305855,content,f,25-11-1993,27
m305856,content,m,22-06-1991,29
m305857,content,m,21-11-1987,33
f305858,content,f,18-05-1982,38
m305859,content,m,17-07-1995,25
f305860,content,f,20-03-1993,27
f305861,content,f,17-02-1985,35
m305862,content,m,25-02-1996,24
m305863,content,m,19-06-1982,38
m305864,content,m,13-06-1984,36
f305865,content,f,27-06-1986,34
f305866,content,f,20-05-1990,30
m305867,content,m,27-09-1993,27
f305868,content,f,20-04-1984,36
f305869,content,f,24-01-1997,23
f305870,content,f,14-02-1987,33
f305871,content,f,11-08-1995,25
m305872,content,m,27-05-1994,26
f305873,content,f,14-02-1997,23
m305874,content,m,18-10-1992,28
f305875,content,f,16-06-1992,28
m305876,content,m,21-05-1996,24
f305877,content,f,17-05-1995,25
f305878,content,f,11-01-1990,30
f305879,content,f,24-01-1994,26
f305880,content,f,17-05-1991,29
m305881,content,m,21-03-1996,24
f305882,content,f,15-04-1981,39
f305883,content,f,22-09-1998,22
f305884,content,f,12-05-1988,32
m305885,content,m,15-08-1987,33
m305886,content,m,24-09-1987,33
f305887,content,f,13-09-1996,24
m305888,content,m,27-08-1996,24
m305889,content,m,25-06-1990,30
f305890,content,f,21-10-1990,30
f305891,content,f,10-11-1996,24
f305892,content,f,15-06-1991,29
f305893,content,f,27-10-1988,32
m305894,content,m,22-08-1994,26
m305895,content,m,20-02-1991,29
m31470,content,m,16-05-1988,32
f31471,content,f,18-02-1984,36
m31472,content,m,17-07-1987,33
f31473,content,f,12-10-1985,35
f31474,content,f,22-02-1987,33
m31475,content,m,24-09-1984,36
f31476,content,f,18-05-1986,34
m31477,content,m,24-09-1987,33
f31478,content,f,13-03-1992,28
f31479,content,f,13-04-1987,33
m314710,content,m,14-10-1992,28
f314711,content,f,16-01-1992,28
f314712,content,f,11-07-1986,34
m314713,content,m,22-07-1995,25
m314714,content,m,20-04-1997,23
f314715,content,f,15-01-1980,40
f32030,content,f,19-07-1984,36
m32031,content,m,11-02-1984,36
m32032,content,m,18-04-1981,39
f32033,content,f,22-11-1995,25
f32034,content,f,23-10-1988,32
m32035,content,m,13-06-1993,27
f32036,content,f,22-06-1991,29
m32037,content,m,10-06-1995,25
m32038,content,m,18-06-1983,37
m32039,content,m,21-09-1990,30
f320310,content,f,20-09-1988,32
f320311,content,f,20-04-1997,23
f320312,content,f,14-08-1998,22
f320313,content,f,12-08-1983,37
f320314,content,f,16-04-1986,34
m320315,content,m,21-11-1992,28
f32380,content,f,18-03-1995,25
m32381,content,m,16-10-1992,28
f32382,content,f,18-09-1996,24
f32383,content,f,10-11-1995,25
m32384,content,m,19-07-1988,32
m32385,content,m,17-04-1993,27
m32386,content,m,11-07-1993,27
m32387,content,m,20-06-1987,33
f32388,content,f,23-03-1982,38
f32389,content,f,23-04-1988,32
f323810,content,f,18-10-1987,33
f323811,content,f,20-09-1991,29
m323812,content,m,15-06-1998,22
m323813,content,m,12-01-1982,38
f323814,content,f,22-08-1981,39
m323815,content,m,16-06-1986,34
m323816,content,m,22-02-1984,36
f323817,content,f,12-05-1995,25
f323818,content,f,12-07-1993,27
f323819,content,f,18-06-1997,23
m323820,content,m,19-02-1993,27
m323821,content,m,26-02-1991,29
f323822,content,f,21-06-1983,37
f323823,content,f,13-03-1983,37
f323824,content,f,15-09-1985,35
m323825,content,m,16-09-1986,34
f323826,content,f,22-02-1988,32
f323827,content,f,12-03-1983,37
m323828,content,m,22-10-1982,38
f323829,content,f,14-02-1991,29
f323830,content,f,25-04-1994,26
m323831,content,m,17-08-1981,39
f323832,content,f,19-07-1980,40
m323833,content,m,20-11-1988,32
f323834,content,f,22-08-1984,36
f323835,content,f,20-01-1992,28
m323836,content,m,11-04-1985,35
f323837,content,f,10-04-1988,32
f323838,content,f,18-02-1993,27
m323839,content,m,25-09-1995,25
m323840,content,m,22-03-1998,22
m323841,content,m,24-01-1997,23
m323842,content,m,14-07-1996,24
f323843,content,f,22-03-1993,27
f323844,content,f,24-01-1989,31
m323845,content,m,25-02-1987,33
m323846,content,m,27-10-1996,24
m323847,content,m,16-10-1981,39
m323848,content,m,15-04-1997,23
f323849,content,f,14-03-1996,24
m323850,content,m,19-08-1992,28
f323851,content,f,12-03-1994,26
f323852,content,f,27-06-1989,31
m323853,content,m,10-10-1996,24
m323854,content,m,26-04-1986,34
m323855,content,m,14-11-1983,37
f323856,content,f,25-04-1998,22
f323857,content,f,11-03-1998,22
f323858,content,f,21-09-1996,24
f323859,content,f,12-11-1980,40
f323860,content,f,26-11-1996,24
f323861,content,f,18-08-1990,30
f323862,content,f,17-09-1983,37
f323863,content,f,18-03-1993,27
f323864,content,f,12-11-1990,30
f323865,content,f,11-08-1991,29
m323866,content,m,20-04-1988,32
m323867,content,m,14-07-1991,29
m323868,content,m,18-06-1991,29
m323869,content,m,18-03-1982,38
f323870,content,f,14-10-1996,24
f323871,content,f,27-02-1997,23
f323872,content,f,20-09-1996,24
f323873,content,f,10-04-1982,38
f323874,content,f,16-11-1983,37
m323875,content,m,23-11-1991,29
f323876,content,f,18-05-1993,27
m323877,content,m,20-03-1980,40
f323878,content,f,11-10-1985,35
m323879,content,m,13-02-1991,29
f323880,content,f,22-03-1996,24
f323881,content,f,12-03-1983,37
m323882,content,m,10-06-1996,24
m323883,content,m,23-03-1993,27
f323884,content,f,19-04-1987,33
m323885,content,m,20-03-1992,28
m323886,content,m,12-03-1987,33
f323887,content,f,25-09-1983,37
f323888,content,f,25-06-1998,22
m323889,content,m,20-10-1980,40
f323890,content,f,12-02-1980,40
f323891,content,f,21-11-1984,36
m323892,content,m,21-05-1990,30
m323893,content,m,18-10-1998,22
f323894,content,f,22-03-1980,40
f323895,content,f,25-02-1986,34
f19532,None,None,None,None
f213843,content,f,21-09-1991,28
m24628,None,None,None,None
m255124,None,None,None,None
m27358,None,None,None,None
m271052,None,None,None,None
m27448,content,m,03-10-1999,20
m275110,None,None,None,None
m271724,content,m,21-01-1995,25
f291626,None,None,None,None
m30954,None,None,None,None
m31251,None,None,None,None
m314611,None,None,None,None
m31218,None,None,None,None
m45321,None,None,None,None
f64710,None,None,None,None
m71110,None,None,None,None
m16110,None,None,None,None
m18560,content,m,10-01-1990,30
m181725,None,None,None,None
m182639,content,m,03-01-1990,30
m181910,content,m,10-01-1990,30
m185455,None,None,None,None
m185856,None,None,None,None
m181034,content,f,10-01-1990,30
m181311,content,m,10-01-1990,30
m181511,None,None,None,None
m182146,content,m,10-01-1990,30
m35616,None,None,None,None
f9365,None,None,None,None
m4232,content,m,12-08-1998,22
